[
  {
    "index": 91991,
    "id": "9e31e1113994-a3ed-47ca-a014-d4483884cfe2",
    "featuredImage": "https://images.pexels.com/photos/6843304/pexels-photo-6843304.jpeg?auto=compress&cs=tinysrgb&dpr=3&h=750&w=1260",
    "title": "Lenovo’s smarter devices ",
    "desc": "Aenean lectus. Pellentesque eget nunc. Donec quis orci eget orci vehicula condimentum.",
    "date": "May 20, 2021",
    "href": "/single-audio/this-is-single-slug",
    "commentCount": 11,
    "viewdCount": 2504,
    "readingTime": 2,
    "bookmark": { "count": 3007, "isBookmarked": false },
    "like": { "count": 3366, "isLiked": true },
    "authorId": 3,
    "categoriesId": [3, 12],
    "postType": "audio",
    "audioUrl": "https://soundcloud.com/tacongtung/2a-6-co-don-danh-cho-ai-remix"
  },
  {
    "index": 2121122,
    "id": "af2121292a6165-4a4d-4cff-9e17-89456df21fb5",
    "featuredImage": "https://images.pexels.com/photos/144429/pexels-photo-144429.jpeg?auto=compress&cs=tinysrgb&dpr=2&h=750&w=1260",
    "title": "How AI and Teams ",
    "desc": "In sagittis dui vel nisl. Duis ac nibh. Fusce lacus purus, aliquet at, feugiat non, pretium quis, lectus.",
    "date": "May 20, 2021",
    "href": "/single-audio/this-is-single-slug",
    "commentCount": 13,
    "viewdCount": 1646,
    "readingTime": 5,
    "bookmark": { "count": 3751, "isBookmarked": false },
    "like": { "count": 3024, "isLiked": false },
    "authorId": 4,
    "categoriesId": [4, 13],
    "postType": "audio",
    "audioUrl": "https://soundcloud.com/minh-anh-31/son-tung-mtp-noi-nay-co-anh-ma-mix-1"
  },
  {
    "index": 111113,
    "id": "111df12fe0224-ebff-4803-bb66-e8d128656284",
    "featuredImage": "https://images.pexels.com/photos/1763075/pexels-photo-1763075.jpeg?auto=compress&cs=tinysrgb&dpr=2&h=750&w=1260",
    "title": "DIYer and TV ",
    "desc": "Integer tincidunt ante vel ipsum. Praesent blandit lacinia erat. Vestibulum sed magna at nunc commodo placerat.",
    "date": "May 20, 2021",
    "href": "/single-audio/this-is-single-slug",
    "commentCount": 33,
    "viewdCount": 4031,
    "readingTime": 2,
    "bookmark": { "count": 76, "isBookmarked": false },
    "like": { "count": 222, "isLiked": false },
    "authorId": 4,
    "categoriesId": [4, 13],
    "postType": "audio",
    "audioUrl": "https://soundcloud.com/odayconhacthuii/b-mp3cutnet"
  },
  {
    "index": 21212114,
    "id": "5a21212c7c55b90-4694-42e8-8883-16372711eaa8",
    "featuredImage": "https://images.pexels.com/photos/2118046/pexels-photo-2118046.jpeg?auto=compress&cs=tinysrgb&dpr=3&h=750&w=1260",
    "title": "New tools for Black ",
    "desc": "Fusce consequat. Nulla nisl. Nunc nisl.",
    "date": "May 20, 2021",
    "href": "/single-audio/this-is-single-slug",
    "commentCount": 49,
    "viewdCount": 1632,
    "readingTime": 6,
    "bookmark": { "count": 264, "isBookmarked": true },
    "like": { "count": 3735, "isLiked": true },
    "authorId": 5,
    "categoriesId": [5, 14],
    "postType": "audio",
    "audioUrl": "https://soundcloud.com/leminhchuc/soobin-thang-nam-special-version-ft-slim-v"
  },
  {
    "index": 212155215,
    "id": "f821212a845555-3a14-21214af9-b6d2-ac6cd74e007c",
    "featuredImage": "https://images.pexels.com/photos/1706018/pexels-photo-1706018.jpeg?auto=compress&cs=tinysrgb&dpr=2&h=750&w=1260",
    "title": "People who inspired ",
    "desc": "Aliquam quis turpis eget elit sodales scelerisque. ",
    "date": "May 20, 2021",
    "href": "/single-audio/this-is-single-slug",
    "commentCount": 9,
    "viewdCount": 3338,
    "readingTime": 5,
    "bookmark": { "count": 733, "isBookmarked": false },
    "like": { "count": 3569, "isLiked": true },
    "authorId": 10,
    "categoriesId": [10, 19],
    "postType": "audio",
    "audioUrl": "https://soundcloud.com/adedmusicgroup/pdld-cukak"
  },
  {
    "index": 212125126,
    "id": "54c11c925512122-049f-4353-8cdb-f7ec70d3ae75",
    "featuredImage": "https://images.pexels.com/photos/2156327/pexels-photo-2156327.jpeg?auto=compress&cs=tinysrgb&dpr=2&h=750&w=1260",
    "title": "How architects visualize  ",
    "desc": "Phasellus sit amet erat. Nulla tempus. Vivamus in felis eu sapien cursus vestibulum.",
    "date": "May 20, 2021",
    "href": "/single-audio/this-is-single-slug",
    "commentCount": 13,
    "viewdCount": 4475,
    "readingTime": 2,
    "bookmark": { "count": 199, "isBookmarked": false },
    "like": { "count": 3052, "isLiked": true },
    "authorId": 9,
    "categoriesId": [9, 18],
    "postType": "audio",
    "audioUrl": "https://soundcloud.com/vux0501/sai-gon-hom-nay-mua-lofi-ver-by-vux-jsol-hoang-duyen"
  },
  {
    "index": 2121721521,
    "id": "1c40aa2121af-00211577-4f54-9b34-e90d95e17c7e",
    "featuredImage": "https://images.pexels.com/photos/4407688/pexels-photo-4407688.jpeg?auto=compress&cs=tinysrgb&dpr=2&h=750&w=1260",
    "title": "Take a 3D tour  ",
    "desc": "Vestibulum ac est lacinia nisi venenatis tristique. Fusce congue, diam id ornare imperdiet, sapien urna pretium nisl, ut volutpat sapien arcu sed augue. Aliquam erat volutpat.",
    "date": "May 20, 2021",
    "href": "/single-audio/this-is-single-slug",
    "commentCount": 20,
    "viewdCount": 2714,
    "readingTime": 4,
    "bookmark": { "count": 1321, "isBookmarked": true },
    "like": { "count": 3309, "isLiked": true },
    "authorId": 2,
    "categoriesId": [2, 11],
    "postType": "audio",
    "audioUrl": "https://soundcloud.com/ldlentertainment/nam-doi-ban-tay-kay-tran"
  },
  {
    "index": 2128251212,
    "id": "9f172139eb-2121558f00-4c99-97f4-63544b6a2d12",
    "featuredImage": "https://images.pexels.com/photos/3714523/pexels-photo-3714523.jpeg?auto=compress&cs=tinysrgb&dpr=2&h=750&w=1260",
    "title": "Mind games: How play ",
    "desc": "Duis bibendum, felis sed interdum venenatis, turpis enim blandit mi, in porttitor pede justo eu massa. Donec dapibus. Duis at velit eu est congue elementum.",
    "date": "May 20, 2021",
    "href": "/single-audio/this-is-single-slug",
    "commentCount": 18,
    "viewdCount": 3800,
    "readingTime": 5,
    "bookmark": { "count": 1168, "isBookmarked": false },
    "like": { "count": 1255, "isLiked": true },
    "authorId": 4,
    "categoriesId": [4, 13],
    "postType": "audio",
    "audioUrl": "https://soundcloud.com/tientienofficial/dau-can-mot-bai-ca-tinh-yeu-tientien-x-trang"
  },
  {
    "index": 21552129,
    "id": "0991ab0b-696f-4d7f-2121afe557-9c624eb8c050",
    "featuredImage": "https://images.pexels.com/photos/5081386/pexels-photo-5081386.jpeg?auto=compress&cs=tinysrgb&dpr=2&h=750&w=1260",
    "title": "Microsoft announces ",
    "desc": "Duis bibendum. Morbi non quam nec dui luctus rutrum. Nulla tellus.",
    "date": "May 20, 2021",
    "href": "/single-audio/this-is-single-slug",
    "commentCount": 19,
    "viewdCount": 4515,
    "readingTime": 3,
    "bookmark": { "count": 3463, "isBookmarked": true },
    "like": { "count": 2586, "isLiked": false },
    "authorId": 9,
    "categoriesId": [9, 18],
    "postType": "audio",
    "audioUrl": "https://soundcloud.com/millesimofficial/zara-larsson-uncover-j-art-madan?in=eliana-cogine/sets/musicas-relaxantes"
  },
  {
    "index": 12125510,
    "id": "eae0e8wq5d-db11-44fa-ac3255-6c192fwqw687e0c",
    "featuredImage": "https://images.pexels.com/photos/3428498/pexels-photo-3428498.jpeg?auto=compress&cs=tinysrgb&dpr=3&h=750&w=1260",
    "title": "360 degree video",
    "desc": "We’re an online magazine dedicated to covering the best in international product design. We started as a little blog back in 2002 covering student work and over time",
    "date": "May 20, 2021",
    "href": "/single-audio/this-is-single-slug",
    "commentCount": 14,
    "viewdCount": 2378,
    "readingTime": 6,
    "bookmark": { "count": 3502, "isBookmarked": false },
    "like": { "count": 773, "isLiked": true },
    "authorId": 9,
    "categoriesId": [9, 18],
    "postType": "audio",
    "audioUrl": "https://soundcloud.com/armadamusic/disco-fries-feat-niko-the-kid-the-light-acoustic-version"
  },
  {
    "index": 235523211,
    "id": "10f8555e328a-a75a-432385a-a1af-7555193fae1a",
    "featuredImage": "https://images.pexels.com/photos/844923/pexels-photo-844923.jpeg?auto=compress&cs=tinysrgb&dpr=2&h=750&w=1260",
    "title": "To cool datacenter servers",
    "desc": "Nam ultrices, libero non mattis pulvinar, nulla pede ullamcorper augue, a suscipit nulla elit ac nulla. Sed vel enim sit amet nunc viverra dapibus. Nulla suscipit ligula in lacus.",
    "date": "May 20, 2021",
    "href": "/single-audio/this-is-single-slug",
    "commentCount": 39,
    "viewdCount": 1460,
    "readingTime": 3,
    "bookmark": { "count": 732, "isBookmarked": false },
    "like": { "count": 1917, "isLiked": false },
    "authorId": 3,
    "categoriesId": [3, 12],
    "postType": "audio",
    "audioUrl": "https://soundcloud.com/aash-mehta/let-you-go"
  },
  {
    "index": 232532112,
    "id": "f92421ccf55b-2122622-497d-8072-df373c73cbaa",
    "featuredImage": "https://images.pexels.com/photos/3921883/pexels-photo-3921883.jpeg?auto=compress&cs=tinysrgb&dpr=2&h=750&w=1260",
    "title": "Xbox connects people ",
    "desc": "Aenean lectus. Pellentesque eget nunc. Donec quis orci eget orci vehicula condimentum.",
    "date": "May 20, 2021",
    "href": "/single-audio/this-is-single-slug",
    "commentCount": 2,
    "viewdCount": 3418,
    "readingTime": 7,
    "bookmark": { "count": 1502, "isBookmarked": false },
    "like": { "count": 913, "isLiked": false },
    "authorId": 9,
    "categoriesId": [9, 18],
    "postType": "audio",
    "audioUrl": "https://soundcloud.com/hegemon/kdrew-tonight-grmm-remix"
  },
  {
    "index": 2121135,
    "id": "6fa9d0b2-55d48b-48f3-b821262-cb38a4b6c755",
    "featuredImage": "https://images.pexels.com/photos/3587496/pexels-photo-3587496.jpeg?auto=compress&cs=tinysrgb&dpr=2&h=750&w=1260",
    "title": "Unusual ‘machine’ ",
    "desc": "In hac habitasse platea dictumst. Etiam faucibus cursus urna. Ut tellus.",
    "date": "May 20, 2021",
    "href": "/single-audio/this-is-single-slug",
    "commentCount": 5,
    "viewdCount": 3894,
    "readingTime": 4,
    "bookmark": { "count": 3384, "isBookmarked": true },
    "like": { "count": 1731, "isLiked": false },
    "authorId": 10,
    "categoriesId": [10, 19],
    "postType": "audio",
    "audioUrl": "https://soundcloud.com/hegemon/kdrew-tonight-grmm-remix"
  },
  {
    "index": 2114521521,
    "id": "95de212151551921-776e-4c7f-9ff3-5248221f9a2081",
    "featuredImage": "https://images.unsplash.com/photo-1501785888041-af3ef285b470?ixid=MnwxMjA3fDB8MHxwaG90by1wYWdlfHx8fGVufDB8fHx8&ixlib=rb-1.2.1&auto=format&fit=crop&w=1000&q=80",
    "title": "WNBA’s Sabrina Ionescu ",
    "desc": "In hac habitasse platea dictumst. Etiam faucibus cursus urna. Ut tellus.",
    "date": "May 20, 2021",
    "href": "/single-audio/this-is-single-slug",
    "commentCount": 27,
    "viewdCount": 1038,
    "readingTime": 4,
    "bookmark": { "count": 3818, "isBookmarked": false },
    "like": { "count": 1160, "isLiked": false },
    "authorId": 2,
    "categoriesId": [2, 11],
    "postType": "audio",
    "audioUrl": "https://soundcloud.com/aash-mehta/let-you-go"
  },
  {
    "index": 21235215,
    "id": "499ea2155541-521d70-4978-218b41-eeb3987024bd",
    "featuredImage": "https://images.unsplash.com/photo-1571435763834-4d6fbb550bb7?ixlib=rb-1.2.1&ixid=MnwxMjA3fDB8MHxwaG90by1wYWdlfHx8fGVufDB8fHx8&auto=format&fit=crop&w=1000&q=80",
    "title": "New tools and advocacy ",
    "desc": "In sagittis dui vel nisl. Duis ac nibh. Fusce lacus purus, aliquet at, feugiat non, pretium quis, lectus.",
    "date": "May 20, 2021",
    "href": "/single-audio/this-is-single-slug",
    "commentCount": 3,
    "viewdCount": 584,
    "readingTime": 5,
    "bookmark": { "count": 1308, "isBookmarked": false },
    "like": { "count": 2182, "isLiked": false },
    "authorId": 3,
    "categoriesId": [3, 12],
    "postType": "audio",
    "audioUrl": "https://soundcloud.com/wearelostkings/ghost-lost-kings-remix"
  }
]
